RefWBAN,RefDist,RefCity,RefState
54779,72673.26592847974,New York,New York
4781,74721.74989734551,New York,New York
54793,77899.56880026663,New York,New York
14780,80354.12609658169,New York,New York
14792,84884.39682559269,New York,New York
23191,68545.17922511867,Los Angeles,California
3179,71849.49216473137,Los Angeles,California
23182,74146.87490401581,Los Angeles,California
3102,74897.93532917087,Los Angeles,California
93110,75833.50981968215,Los Angeles,California
4808,62603.07864796151,Chicago,Illinois
14880,66057.69658235351,Chicago,Illinois
4867,73050.3515038184,Chicago,Illinois
4846,73739.15664873637,Chicago,Illinois
4880,79997.89841254904,Chicago,Illinois
12976,79534.92690627866,Houston,Texas
12923,84726.00508912842,Houston,Texas
12953,84964.74183864048,Houston,Texas
53928,98193.56759945686,Houston,Texas
12981,102548.54765682908,Houston,Texas
3914,80020.54049046879,Phoenix,Arizona
3148,97261.80842281153,Phoenix,Arizona
374,102629.35400695427,Phoenix,Arizona
93139,102629.35747070772,Phoenix,Arizona
23184,119748.43322509869,Phoenix,Arizona
54782,45656.2156525043,Philadelphia,Pennsylvania
64753,53115.940009078106,Philadelphia,Pennsylvania
13781,55175.348425307464,Philadelphia,Pennsylvania
136,63937.0984895637,Philadelphia,Pennsylvania
14780,65550.21033536435,Philadelphia,Pennsylvania
12961,79820.25059476502,San Antonio,Texas
12979,79836.67992394723,San Antonio,Texas
93947,95086.18962090174,San Antonio,Texas
13904,114953.50124090785,San Antonio,Texas
13958,120355.5935851625,San Antonio,Texas
3164,64016.55741908245,San Diego,California
93184,118459.45592157487,San Diego,California
23119,119742.91871192437,San Diego,California
93138,124619.37473076908,San Diego,California
3104,125587.85712455827,San Diego,California
3985,60960.81539780513,Dallas,Texas
3991,61334.77970917875,Dallas,Texas
13911,67240.67750381085,Dallas,Texas
13926,68154.37715497686,Dallas,Texas
53981,83788.80535671442,Dallas,Texas
392,56697.01240458199,San Jose,California
23230,60005.80694692851,San Jose,California
23234,61077.174105209575,San Jose,California
228,65106.78550229181,San Jose,California
23233,73192.56101088313,San Jose,California
225,64475.51716554805,Austin,Texas
3999,66950.19691638228,Austin,Texas
12971,72550.14826432848,Austin,Texas
53979,75485.36163307619,Austin,Texas
434,76752.64219113579,Austin,Texas
12816,92575.65387368482,Jacksonville,Florida
13878,97806.64757577649,Jacksonville,Florida
53883,103840.67265096867,Jacksonville,Florida
485,107798.09976635281,Jacksonville,Florida
13861,121748.33472296661,Jacksonville,Florida
23244,73308.11468966732,San Francisco,California
23213,80473.93307551576,San Francisco,California
23285,81094.11114720626,San Francisco,California
23293,85287.62007378356,San Francisco,California
23202,88001.73718382204,San Francisco,California
139,56009.15067408244,Columbus,Ohio
4855,70722.03782520161,Columbus,Ohio
63888,74288.15742252387,Columbus,Ohio
324,82338.16499614979,Columbus,Ohio
13840,92022.72181497011,Columbus,Ohio
13803,60264.30162977033,Indianapolis,Indiana
4828,60386.3881429319,Indianapolis,Indiana
3893,80677.4338543559,Indianapolis,Indiana
94895,83247.30867899678,Indianapolis,Indiana
54807,84975.77992593781,Indianapolis,Indiana
53976,63671.36670627439,Fort Worth,Texas
93985,70043.73618197421,Fort Worth,Texas
176,72064.38270778504,Fort Worth,Texas
53970,73364.00809406595,Fort Worth,Texas
53914,79912.2396833574,Fort Worth,Texas
199,54045.292499172516,Charlotte,North Carolina
192,57184.17402287112,Charlotte,North Carolina
63812,57217.61246564679,Charlotte,North Carolina
63816,63395.411000266926,Charlotte,North Carolina
63824,66934.65486452382,Charlotte,North Carolina
94274,41663.04878309444,Seattle,Washington
24207,52360.2807649122,Seattle,Washington
24201,61231.92347637694,Seattle,Washington
4205,63148.308769718045,Seattle,Washington
94297,71229.70859033173,Seattle,Washington
3040,63861.1899839582,Denver,Colorado
24051,77273.66722525592,Denver,Colorado
94035,77536.01976360958,Denver,Colorado
419,78121.18798408516,Denver,Colorado
93065,88688.99013290471,Denver,Colorado
93041,70495.1715010718,El Paso,Texas
23002,119350.75121203909,El Paso,Texas
93097,121352.71369252594,El Paso,Texas
23078,132754.95789632274,El Paso,Texas
23055,152444.72560846072,El Paso,Texas
93721,42232.56027689892,Washington,District Of Columbia
3710,47172.15157241924,Washington,District Of Columbia
13773,50251.80275159714,Washington,District Of Columbia
3714,51155.66137879599,Washington,District Of Columbia
93784,55504.19853756654,Washington,District Of Columbia
94723,46195.65256974295,Boston,Massachusetts
54777,48642.29494840743,Boston,Massachusetts
54769,50006.63207201486,Boston,Massachusetts
64710,59528.2864139428,Boston,Massachusetts
54754,67440.72187428194,Boston,Massachusetts
54823,53688.0015359346,Detroit,Michigan
94889,54987.33056165134,Detroit,Michigan
4888,77863.83038211837,Detroit,Michigan
4887,78867.42225519543,Detroit,Michigan
298,80688.01769978371,Detroit,Michigan
3894,74624.2575500431,Nashville,Tennessee
463,78956.40297233583,Nashville,Tennessee
13806,82585.28338444482,Nashville,Tennessee
93808,92879.78894078791,Nashville,Tennessee
348,102143.84772049032,Nashville,Tennessee
23903,60522.24833714272,Memphis,Tennessee
53869,91125.77112012559,Memphis,Tennessee
53806,91990.3744711495,Memphis,Tennessee
13814,93146.89670288314,Memphis,Tennessee
3953,99140.85311579161,Memphis,Tennessee
94273,53829.8561818774,Portland,Oregon
94204,62306.007654436544,Portland,Oregon
24223,66492.57582113998,Portland,Oregon
24232,75829.51044209074,Portland,Oregon
118,91846.81245780327,Portland,Oregon
53936,65395.517806039556,Oklahoma City,Oklahoma
23902,76504.53533749745,Oklahoma City,Oklahoma
53993,82246.07472660208,Oklahoma City,Oklahoma
3965,83091.91278422772,Oklahoma City,Oklahoma
53951,89090.93964562805,Oklahoma City,Oklahoma
269,48238.23249622327,Las Vegas,Nevada
23141,53696.11441771532,Las Vegas,Nevada
3160,81391.03355349632,Las Vegas,Nevada
53135,136870.3123513585,Las Vegas,Nevada
93167,161702.38542485933,Las Vegas,Nevada
53841,67581.6118666393,Louisville,Kentucky
93820,95170.98467089042,Louisville,Kentucky
144,104634.24513271931,Louisville,Kentucky
53896,111912.82975769223,Louisville,Kentucky
13803,121389.76151991426,Louisville,Kentucky
3724,49126.62305816082,Baltimore,Maryland
93764,49930.450001116755,Baltimore,Maryland
13705,57396.83021053356,Baltimore,Maryland
13743,60959.1465331588,Baltimore,Maryland
13730,67454.26718790276,Baltimore,Maryland
4866,49293.70309679148,Milwaukee,Wisconsin
4845,51587.6605205681,Milwaukee,Wisconsin
54834,62320.94043140051,Milwaukee,Wisconsin
14880,71649.84738222802,Milwaukee,Wisconsin
4898,72355.60792604655,Milwaukee,Wisconsin
23049,80087.83287731359,Albuquerque,New Mexico
3027,92919.21222890368,Albuquerque,New Mexico
3014,93033.41746011112,Albuquerque,New Mexico
93091,96100.03522815257,Albuquerque,New Mexico
93057,111937.64984044066,Albuquerque,New Mexico
53146,74883.29856657457,Tucson,Arizona
3124,81326.07228509818,Tucson,Arizona
3196,81950.17620558456,Tucson,Arizona
3914,121132.85994744032,Tucson,Arizona
93084,140721.59336704065,Tucson,Arizona
93242,45880.3403149408,Fresno,California
53119,46292.99667128402,Fresno,California
23110,49121.455496099785,Fresno,California
93144,53854.95523705673,Fresno,California
23257,94416.23232295827,Fresno,California
93241,47818.450208429946,Sacramento,California
23202,52456.080790045795,Sacramento,California
23224,54831.72503974234,Sacramento,California
93205,60703.77662019656,Sacramento,California
93216,63761.73258168395,Sacramento,California
53128,27637.731467789785,Mesa,Arizona
3192,36273.83902020694,Mesa,Arizona
23183,38227.577220081555,Mesa,Arizona
3184,53482.79954951559,Mesa,Arizona
3914,56362.11441069545,Mesa,Arizona
363,75412.27000800472,Kansas City,Missouri
13993,81407.5225912876,Kansas City,Missouri
13996,90754.47533785384,Kansas City,Missouri
13920,95499.27312925887,Kansas City,Missouri
13930,97979.12340407698,Kansas City,Missouri
53819,47884.26706809382,Atlanta,Georgia
63803,48637.91260097889,Atlanta,Georgia
252,50779.62994969301,Atlanta,Georgia
53873,55995.736051978325,Atlanta,Georgia
53884,60139.22281430159,Atlanta,Georgia
23191,48879.56499611567,Long Beach,California
3180,48885.71032640921,Long Beach,California
23152,49492.421951888995,Long Beach,California
93136,49925.754771302025,Long Beach,California
3179,52517.3602641804,Long Beach,California
422,68102.80697901832,Colorado Springs,Colorado
93058,69124.11381954167,Colorado Springs,Colorado
93067,77690.10762405024,Colorado Springs,Colorado
23036,93162.9042807212,Colorado Springs,Colorado
93010,97912.71885636178,Colorado Springs,Colorado
3723,50236.68721382565,Raleigh,North Carolina
3712,51969.912044549215,Raleigh,North Carolina
3722,58161.87377801225,Raleigh,North Carolina
3711,58972.681864586746,Raleigh,North Carolina
93759,67854.56669292408,Raleigh,North Carolina
12885,46516.94213921379,Miami,Florida
92805,53444.87964773746,Miami,Florida
12803,67419.8315219993,Miami,Florida
12844,101282.69717723122,Miami,Florida
12896,143836.6092183652,Miami,Florida
3737,50693.389318405265,Virginia Beach,Virginia
93741,55390.11223256965,Virginia Beach,Virginia
3719,58841.56745967485,Virginia Beach,Virginia
93735,63791.07253143287,Virginia Beach,Virginia
13786,70871.53290430595,Virginia Beach,Virginia
94978,53317.58334410809,Omaha,Nebraska
4936,69185.11418610584,Omaha,Nebraska
4966,74935.65887139,Omaha,Nebraska
14939,76078.48220789207,Omaha,Nebraska
4993,78254.03149014789,Omaha,Nebraska
93227,50515.69809968886,Oakland,California
135,51575.09089184729,Oakland,California
23293,52222.893486102366,Oakland,California
93232,60061.53215715919,Oakland,California
23202,62468.40054683783,Oakland,California
4943,38264.253927611164,Minneapolis,Minnesota
54901,50292.81766113606,Minneapolis,Minnesota
54930,58386.21530969907,Minneapolis,Minnesota
54912,58511.21660301686,Minneapolis,Minnesota
4968,60605.24185508209,Minneapolis,Minnesota
3959,69559.64474905575,Tulsa,Oklahoma
93953,72191.69236551931,Tulsa,Oklahoma
53956,82570.65669542523,Tulsa,Oklahoma
53993,83676.31156867028,Tulsa,Oklahoma
53949,86701.24694211419,Tulsa,Oklahoma
3970,40839.666681521536,Arlington,Texas
53975,41361.17327179037,Arlington,Texas
53981,47811.82850272743,Arlington,Texas
3991,56431.7979919154,Arlington,Texas
53970,56813.60067540822,Arlington,Texas
3908,74862.4439509972,New Orleans,Louisiana
12993,74973.6502190905,New Orleans,Louisiana
148,87266.41587002017,New Orleans,Louisiana
432,87639.3284503495,New Orleans,Louisiana
93874,88150.27353162246,New Orleans,Louisiana
13986,57803.698584760896,Wichita,Kansas
13932,65844.7871432103,Wichita,Kansas
212,102187.13779663153,Wichita,Kansas
3957,106841.1177220703,Wichita,Kansas
13969,107920.7333377718,Wichita,Kansas
4849,45429.2176067759,Cleveland,Ohio
380,49289.636595514334,Cleveland,Ohio
14813,55019.281400166496,Cleveland,Ohio
14895,68323.30910608057,Cleveland,Ohio
4842,71114.43158238384,Cleveland,Ohio
12818,53269.228048858226,Tampa,Florida
12809,62850.93162013577,Tampa,Florida
12876,65874.79005673237,Tampa,Florida
12871,67686.76735968093,Tampa,Florida
377,91432.93685125925,Tampa,Florida
479,56609.82486021052,Bakersfield,California
23187,69566.59097235255,Bakersfield,California
23149,78876.32345072582,Bakersfield,California
3183,83923.05371106797,Bakersfield,California
3159,97875.48513575096,Bakersfield,California
4867,37467.933408235025,Aurora,Colorado
4871,38767.63917407307,Aurora,Colorado
94846,41460.355336382185,Aurora,Colorado
14819,46220.21785774429,Aurora,Colorado
4838,52927.02481769156,Aurora,Colorado
22534,75707.50919160199,Honolulu,Hawaii
22524,106855.86445273731,Honolulu,Hawaii
22552,123863.74285419918,Honolulu,Hawaii
22516,150108.5475008882,Honolulu,Hawaii
22536,175100.09674798872,Honolulu,Hawaii
3174,45490.33205855593,Anaheim,California
93134,46071.406381124405,Anaheim,California
3167,46122.35816665391,Anaheim,California
93136,48446.98572438796,Anaheim,California
23174,51968.53806250035,Anaheim,California
3179,35262.212159888295,Santa Ana,California
3165,40730.056262764214,Santa Ana,California
3180,41413.187202779816,Santa Ana,California
3174,42137.50199604596,Santa Ana,California
3102,44252.31071607452,Santa Ana,California
12974,71946.65936981072,Corpus Christi,Texas
261,77033.43108762123,Corpus Christi,Texas
127,80567.96352273565,Corpus Christi,Texas
12982,93509.25737328429,Corpus Christi,Texas
12991,97752.04708656752,Corpus Christi,Texas
3180,39356.38326523929,Riverside,California
93184,52241.8381763401,Riverside,California
3166,53919.92253713017,Riverside,California
3165,60479.04397364695,Riverside,California
115,61449.65890035186,Riverside,California
145,48255.847633364,Lexington,Kentucky
144,57350.03263632594,Lexington,Kentucky
13810,104180.57402986547,Lexington,Kentucky
93821,109494.78138244995,Lexington,Kentucky
63815,110411.18047614089,Lexington,Kentucky
23258,49592.580789727916,Stockton,California
23285,54694.04683100151,Stockton,California
23232,61991.42081307893,Stockton,California
23202,63886.52080395663,Stockton,California
23206,65494.06756197638,Stockton,California
64705,38586.37438088987,Pittsburgh,Pennsylvania
4827,41930.227430923485,Pittsburgh,Pennsylvania
4813,51488.3514488328,Pittsburgh,Pennsylvania
54735,51987.7785103047,Pittsburgh,Pennsylvania
14894,63324.22852236565,Pittsburgh,Pennsylvania
4836,5664031.398255265,Saint Paul,Minnesota
14607,5664140.040537158,Saint Paul,Minnesota
14604,5674814.504583131,Saint Paul,Minnesota
14609,5684915.098069969,Saint Paul,Minnesota
14610,5770715.248766964,Saint Paul,Minnesota
63887,45646.6133993592,Cincinnati,Ohio
53859,57652.57050531635,Cincinnati,Ohio
13841,69570.854251037,Cincinnati,Ohio
13840,88055.1735535163,Cincinnati,Ohio
93815,89740.25517200722,Cincinnati,Ohio
26438,109589.57214837943,Anchorage,Alaska
26559,112297.86487062725,Anchorage,Alaska
26523,114559.58864229845,Anchorage,Alaska
26439,125044.48724371586,Anchorage,Alaska
26514,134146.04566219138,Anchorage,Alaska
4921,57476.87330051954,Henderson,Nevada
4950,58786.48220236442,Henderson,Nevada
4903,74414.30982321667,Henderson,Nevada
14923,78189.72087136864,Henderson,Nevada
4925,86275.58593100365,Henderson,Nevada
3709,49981.66560332074,Greensboro,North Carolina
340,53466.524851190974,Greensboro,North Carolina
53888,55299.46204572423,Greensboro,North Carolina
63806,61349.250173212735,Greensboro,North Carolina
13728,68955.29733498927,Greensboro,North Carolina
53970,39929.850919743476,Plano,Texas
3971,44113.9739960973,Plano,Texas
3991,46021.76531727066,Plano,Texas
53984,49731.130832539515,Plano,Texas
53975,53770.95100823419,Plano,Texas
94789,35515.55284886855,Newark,New Jersey
54785,42796.07946759348,Newark,New Jersey
94745,54700.63465745993,Newark,New Jersey
54779,56054.65247493993,Newark,New Jersey
54760,60989.660235950214,Newark,New Jersey
323,49230.197484950215,Lincoln,Nebraska
94947,55474.834626488046,Lincoln,Nebraska
4992,65839.31952630646,Lincoln,Nebraska
470,67268.34253642523,Lincoln,Nebraska
4993,72867.86909874003,Lincoln,Nebraska
4847,48062.72767432282,Toledo,Ohio
54819,59989.229760832204,Toledo,Ohio
468,60773.78127651849,Toledo,Ohio
14853,64373.807106982764,Toledo,Ohio
94889,64613.48473331581,Toledo,Ohio
12898,55672.95438747258,Orlando,Florida
12867,56032.5353951286,Orlando,Florida
12819,57444.4677628794,Orlando,Florida
12876,60204.33996295359,Orlando,Florida
299,65722.28316831759,Orlando,Florida
53120,46229.48231405051,Chula Vista,California
3164,52236.69605653434,Chula Vista,California
3177,60050.918449598335,Chula Vista,California
53121,71956.69156200104,Chula Vista,California
3154,80363.1062264266,Chula Vista,California
4836,4348808.957658113,Irvine,California
14607,4358814.583892305,Irvine,California
14604,4372702.486849693,Irvine,California
14609,4395317.757503458,Irvine,California
94605,4467863.28644732,Irvine,California
54809,61485.75674746288,Fort Wayne,Indiana
4851,66852.41436708054,Fort Wayne,Indiana
14829,72788.89071188644,Fort Wayne,Indiana
94852,80071.70868545758,Fort Wayne,Indiana
54827,84916.80810400152,Fort Wayne,Indiana
94745,49540.756598126485,Jersey City,New Jersey
54785,51694.41746632846,Jersey City,New Jersey
94728,53365.702709899546,Jersey City,New Jersey
54787,55020.62129770547,Jersey City,New Jersey
54760,59305.84758984572,Jersey City,New Jersey
4836,4553433.34342211,Durham,North Carolina
14607,4562853.5152634205,Durham,North Carolina
14604,4576558.910462964,Durham,North Carolina
14609,4598411.152393903,Durham,North Carolina
94605,4672438.648001972,Durham,North Carolina
181,71540.89425101489,Laredo,Texas
12994,82624.95440240901,Laredo,Texas
270,86657.1141211281,Laredo,Texas
12947,105243.99358883599,Laredo,Texas
12982,145567.20173997158,Laredo,Texas
14747,56274.48146038343,Buffalo,New York
465,83299.71187385288,Buffalo,New York
4720,89020.32983268413,Buffalo,New York
14768,99259.70442266027,Buffalo,New York
94704,100321.03801991156,Buffalo,New York
4873,54413.69506331964,Madison,Wisconsin
54834,56631.2474272434,Madison,Wisconsin
54833,56975.759848451926,Madison,Wisconsin
94854,60232.487306192204,Madison,Wisconsin
14921,64459.68336917424,Madison,Wisconsin
23097,67559.12133773806,Lubbock,Texas
3056,123139.90873778824,Lubbock,Texas
3050,131883.54795902225,Lubbock,Texas
23077,144965.06079252847,Lubbock,Texas
129,147378.6118244346,Lubbock,Texas
53126,48103.033606964644,Chandler,Arizona
3184,49392.79893691738,Chandler,Arizona
3186,50263.1449491835,Chandler,Arizona
23111,55411.233928139154,Chandler,Arizona
226,77682.88540819727,Chandler,Arizona
3186,56073.94408964022,Scottsdale,Arizona
93139,80666.50174441047,Scottsdale,Arizona
374,80666.51375866904,Scottsdale,Arizona
3914,80903.84944849357,Scottsdale,Arizona
226,81717.57236891914,Scottsdale,Arizona
23129,42654.42722569399,Glendale,Arizona
3166,43516.47643071417,Glendale,Arizona
3180,43804.4841554779,Glendale,Arizona
3174,44275.135292890634,Glendale,Arizona
53141,48322.36506295016,Glendale,Arizona
4836,5163574.487331785,Reno,Nevada
14607,5171842.690623732,Reno,Nevada
14604,5185180.247692177,Reno,Nevada
14609,5205489.917837327,Reno,Nevada
94605,5282441.2463625595,Reno,Nevada
4836,4800392.441883148,Norfolk,Virginia
14607,4808036.335356823,Norfolk,Virginia
14604,4821190.310683207,Norfolk,Virginia
14609,4840817.728281561,Norfolk,Virginia
94605,4919153.84427355,Norfolk,Virginia
63807,48044.74537807328,Winston-Salem,North Carolina
3763,50841.72036605523,Winston-Salem,North Carolina
63812,57070.6347088313,Winston-Salem,North Carolina
3709,59603.58988973281,Winston-Salem,North Carolina
63806,61690.94877502986,Winston-Salem,North Carolina
269,40298.52737070283,North Las Vegas,Nevada
23141,64083.767709727195,North Las Vegas,Nevada
3160,93242.98896972957,North Las Vegas,Nevada
53135,131784.03950259765,North Las Vegas,Nevada
93167,152371.93382437484,North Las Vegas,Nevada
13961,37566.98655381992,Irving,Texas
53975,38932.211700118285,Irving,Texas
53970,42279.296180638776,Irving,Texas
3991,44165.64740935799,Irving,Texas
53966,45526.879780766576,Irving,Texas
93735,55358.62993558989,Chesapeake,Virginia
13763,55708.4488118397,Chesapeake,Virginia
3730,70689.57373410233,Chesapeake,Virginia
93773,71787.69240229213,Chesapeake,Virginia
3703,80104.61952720606,Chesapeake,Virginia
3914,38233.24254420569,Gilbert,Arizona
3192,38927.69516597772,Gilbert,Arizona
3184,52694.62597718212,Gilbert,Arizona
53126,55347.04051775728,Gilbert,Arizona
3186,58844.77943882683,Gilbert,Arizona
12885,39395.63604346992,Hialeah,Florida
12826,43161.43418720481,Hialeah,Florida
92805,47318.80784239783,Hialeah,Florida
12803,60490.791872042995,Hialeah,Florida
12844,93505.93534975579,Hialeah,Florida
53975,38150.02092603764,Garland,Texas
53911,38583.170116482164,Garland,Texas
3927,39524.11963141562,Garland,Texas
53984,47397.16645734399,Garland,Texas
53907,53167.81109223931,Garland,Texas
228,43340.66821748376,Fremont,California
23254,51522.97064076105,Fremont,California
395,61898.49678142547,Fremont,California
23277,69097.42396104052,Fremont,California
93227,79459.80563050398,Fremont,California
457,45843.50312068193,Baton Rouge,Louisiana
3908,67567.98567423095,Baton Rouge,Louisiana
12936,84290.93410274755,Baton Rouge,Louisiana
53915,86783.08468277866,Baton Rouge,Louisiana
13976,87973.58393073897,Baton Rouge,Louisiana
3734,59085.225238667495,Richmond,Virginia
155,59637.26538933369,Richmond,Virginia
3715,70510.44157606119,Richmond,Virginia
3730,71727.63414565589,Richmond,Virginia
93773,72405.31938822087,Richmond,Virginia
24106,68791.41145464177,Boise,Idaho
24162,79177.47920640945,Boise,Idaho
4112,119485.52102317946,Boise,Idaho
94182,141750.9436110743,Boise,Idaho
94161,154083.5085188551,Boise,Idaho
115,41898.56407308707,San Bernardino,California
3180,46214.549891061615,San Bernardino,California
23131,50223.26612486546,San Bernardino,California
3165,69340.78698099499,San Bernardino,California
3166,70489.06518277261,San Bernardino,California
24136,49089.00853263433,Spokane,Washington
4129,96395.07323142812,Spokane,Washington
94129,106699.22265496859,Spokane,Washington
24154,138062.1400682541,Spokane,Washington
310,145373.8564729169,Spokane,Washington
94989,47119.47291464553,Des Moines,Iowa
4977,49710.108815055086,Des Moines,Iowa
4962,50817.0127972445,Des Moines,Iowa
54943,54735.89400281948,Des Moines,Iowa
4906,57093.66088405237,Des Moines,Iowa
23203,46742.37798017506,Modesto,California
23257,56730.69596987737,Modesto,California
206,69011.11962907715,Modesto,California
23285,72285.59642983381,Modesto,California
93232,78907.72624738677,Modesto,California
4836,4628785.737417522,Birmingham,Alabama
14607,4635398.275214712,Birmingham,Alabama
14604,4648234.971388006,Birmingham,Alabama
14609,4666641.315641054,Birmingham,Alabama
94605,4747337.890712127,Birmingham,Alabama
24227,45315.211660861176,Tacoma,Washington
94227,51826.597052496334,Tacoma,Washington
119,74175.25476172923,Tacoma,Washington
24222,75188.4973608185,Tacoma,Washington
24237,84762.70994929102,Tacoma,Washington
3165,52662.1541852153,Fontana,California
23131,53433.84469306814,Fontana,California
3166,54196.54172016208,Fontana,California
93136,56962.4129807856,Fontana,California
115,58646.97503428273,Fontana,California
94704,65767.85646229681,Rochester,New York
54778,73179.4904160636,Rochester,New York
14733,94085.77037278148,Rochester,New York
54773,101986.29422145188,Rochester,New York
4724,107754.7841283187,Rochester,New York
23190,62533.546558090944,Oxnard,California
23130,67978.96581047046,Oxnard,California
93197,73905.21863147731,Oxnard,California
53130,75148.79203353677,Oxnard,California
23187,76918.93322296115,Oxnard,California
53175,37852.49857755155,Moreno Valley,California
3102,40477.20182610181,Moreno Valley,California
3179,41234.644406240215,Moreno Valley,California
115,49212.89517045035,Moreno Valley,California
3180,57983.002845087256,Moreno Valley,California
53956,77306.21732381095,Fayetteville,North Carolina
53941,78821.589847605,Fayetteville,North Carolina
13964,83939.59144117663,Fayetteville,North Carolina
53946,90999.36697781933,Fayetteville,North Carolina
13971,93004.26822938526,Fayetteville,North Carolina
4867,37467.933408235025,Aurora,Illinois
4871,38767.63917407307,Aurora,Illinois
94846,41460.355336382185,Aurora,Illinois
14819,46220.21785774429,Aurora,Illinois
4838,52927.02481769156,Aurora,Illinois
23129,42654.42722569399,Glendale,California
3166,43516.47643071417,Glendale,California
3180,43804.4841554779,Glendale,California
3174,44275.135292890634,Glendale,California
53141,48322.36506295016,Glendale,California
94789,34050.068405357044,Yonkers,New York
54743,35996.149425886106,Yonkers,New York
94728,36225.244777099884,Yonkers,New York
14734,38204.53715609488,Yonkers,New York
54787,44401.77243177554,Yonkers,New York
3167,39269.42973115901,Huntington Beach,California
3165,43520.69335787483,Huntington Beach,California
53175,44367.56378647446,Huntington Beach,California
23174,44653.79882326849,Huntington Beach,California
93134,45151.327231613555,Huntington Beach,California
3878,58104.774746139454,Montgomery,Alabama
63874,65255.665419915436,Montgomery,Alabama
63833,68881.87792016246,Montgomery,Alabama
3892,82121.31606663897,Montgomery,Alabama
53864,105544.48823184622,Montgomery,Alabama
129,61727.16615587038,Amarillo,Texas
3024,66825.29216100203,Amarillo,Texas
3070,75796.58202065477,Amarillo,Texas
3052,85152.08423208096,Amarillo,Texas
213,103422.03834580413,Amarillo,Texas
93988,71306.48934081766,Little Rock,Arkansas
13925,71315.50087124921,Little Rock,Arkansas
53985,77051.5800750941,Little Rock,Arkansas
3962,78856.07808418694,Little Rock,Arkansas
53920,91254.22963946687,Little Rock,Arkansas
4842,39237.31931964876,Akron,Ohio
14820,45942.64961154742,Akron,Ohio
4853,50344.63071391084,Akron,Ohio
4805,53716.44828934897,Akron,Ohio
4849,60595.49415197893,Akron,Ohio
139,56009.15067408244,Columbus,Georgia
4855,70722.03782520161,Columbus,Georgia
63888,74288.15742252387,Columbus,Georgia
324,82338.16499614979,Columbus,Georgia
13840,92022.72181497011,Columbus,Georgia
4836,5640778.080397181,Augusta,Georgia
14607,5647054.479991033,Augusta,Georgia
14604,5659759.076031895,Augusta,Georgia
14609,5677531.788407643,Augusta,Georgia
94605,5759263.846997803,Augusta,Georgia
4839,42667.68477409947,Grand Rapids,Michigan
240,48850.09772820591,Grand Rapids,Michigan
14840,52711.0022335486,Grand Rapids,Michigan
140,59803.29647680393,Grand Rapids,Michigan
14815,79571.70307934539,Grand Rapids,Michigan
431,46661.660962348426,Shreveport,Louisiana
268,52561.645212013704,Shreveport,Louisiana
3901,84812.12357491569,Shreveport,Louisiana
175,103491.17013243187,Shreveport,Louisiana
53943,105425.18742426434,Shreveport,Louisiana
24126,47304.280237417275,Salt Lake City,Utah
24174,64369.85191714307,Salt Lake City,Utah
24180,87132.59222088949,Salt Lake City,Utah
4111,92976.62396150763,Salt Lake City,Utah
24103,107836.36660100974,Salt Lake City,Utah
284,59805.49260993318,Huntsville,Alabama
63880,64341.64351898071,Huntsville,Alabama
344,75773.41345489294,Huntsville,Alabama
348,84377.02248316647,Huntsville,Alabama
13896,86546.2088304256,Huntsville,Alabama
53858,50062.78510575937,Mobile,Alabama
63885,60759.90609048692,Mobile,Alabama
3855,83731.65041826629,Mobile,Alabama
13820,85765.60779978619,Mobile,Alabama
13899,89960.6047620774,Mobile,Alabama
267,60153.90626309309,Tallahassee,Florida
53882,67915.10374715363,Tallahassee,Florida
53862,78775.34683861899,Tallahassee,Florida
53817,81163.48305537787,Tallahassee,Florida
3818,98092.30542949511,Tallahassee,Florida
53970,45269.86654016951,Grand Prairie,Texas
53909,45872.01590192857,Grand Prairie,Texas
53981,52761.96998135995,Grand Prairie,Texas
448,61203.47341956933,Grand Prairie,Texas
3991,63747.0830080002,Grand Prairie,Texas
3947,42268.12599435038,Overland Park,Kansas
3997,46795.86083322763,Overland Park,Kansas
354,56430.62229360644,Overland Park,Kansas
363,78093.42204974686,Overland Park,Kansas
13996,83210.01564933716,Overland Park,Kansas
63875,74529.061696149,Knoxville,Tennessee
63811,85195.4779386458,Knoxville,Tennessee
63844,93962.78565077875,Knoxville,Tennessee
274,100052.81919383882,Knoxville,Tennessee
3847,104330.26002997461,Knoxville,Tennessee
4836,4619470.815898431,Worcester,Massachusetts
14607,4625614.049890641,Worcester,Massachusetts
14604,4638302.9687354285,Worcester,Massachusetts
14609,4656135.584658926,Worcester,Massachusetts
94605,4737912.873931294,Worcester,Massachusetts
12980,54011.51416642121,Brownsville,Texas
12959,80705.32674056017,Brownsville,Texas
12983,81175.34219861562,Brownsville,Texas
308,103720.90152652448,Brownsville,Texas
12982,146757.2856010242,Brownsville,Texas
3184,35878.833409517654,Tempe,Arizona
53126,36907.886165190386,Tempe,Arizona
3186,42048.697906514615,Tempe,Arizona
23111,44507.92074939069,Tempe,Arizona
3914,51322.84170536609,Tempe,Arizona
23187,42883.9464695354,Santa Clarita,California
93197,43924.534505362004,Santa Clarita,California
93136,44351.862379757564,Santa Clarita,California
23182,45067.19839164123,Santa Clarita,California
3159,45159.187273737516,Santa Clarita,California
93773,45889.86021413347,Newport News,Virginia
3701,48461.34952764208,Newport News,Virginia
13769,50817.83758234868,Newport News,Virginia
13762,53550.580409193644,Newport News,Virginia
3734,54700.211904120435,Newport News,Virginia
12897,59335.52139150448,Cape Coral,Florida
482,64631.01530325829,Cape Coral,Florida
12871,100752.78613445495,Cape Coral,Florida
360,132949.43039257414,Cape Coral,Florida
92806,139237.9557269361,Cape Coral,Florida
64708,114428.94081139278,Providence,Rhode Island
64761,115956.7443420906,Providence,Rhode Island
14710,118918.82686483582,Providence,Rhode Island
94721,124761.44888957156,Providence,Rhode Island
14758,128384.17355458911,Providence,Rhode Island
12839,43500.97767741765,Fort Lauderdale,Florida
12844,60175.472286958764,Fort Lauderdale,Florida
12888,62447.962947526445,Fort Lauderdale,Florida
12826,77379.92407913887,Fort Lauderdale,Florida
92815,115594.85372257621,Fort Lauderdale,Florida
53885,53851.84276262861,Chattanooga,Tennessee
344,75860.81621064941,Chattanooga,Tennessee
63847,82373.01772846184,Chattanooga,Tennessee
284,83631.98891005815,Chattanooga,Tennessee
93801,83849.46247608018,Chattanooga,Tennessee
23119,38269.25627859873,Rancho Cucamonga,California
3165,44048.9364264904,Rancho Cucamonga,California
3166,47706.54213476645,Rancho Cucamonga,California
93136,48040.69109944806,Rancho Cucamonga,California
23131,53676.64012185088,Rancho Cucamonga,California
53120,43234.87049897933,Oceanside,California
93107,43372.12060692235,Oceanside,California
3131,48724.43751879922,Oceanside,California
53143,55045.746610206814,Oceanside,California
23188,56399.234804345244,Oceanside,California
312,1451846.9195322506,Santa Rosa,California
243,1464364.975938549,Santa Rosa,California
12836,1465521.4769395667,Santa Rosa,California
12850,1472517.4890809036,Santa Rosa,California
456,1492074.6126325377,Santa Rosa,California
3174,34183.93988127164,Garden Grove,California
3165,35458.95722867224,Garden Grove,California
53175,36921.97170174366,Garden Grove,California
3167,37790.028540093925,Garden Grove,California
3179,38468.61807591705,Garden Grove,California
4224,63106.94426568501,Vancouver,Washington
24217,67151.47219946081,Vancouver,Washington
94276,82198.2390398177,Vancouver,Washington
94282,101961.13588311753,Vancouver,Washington
24255,106560.99988124757,Vancouver,Washington
54926,43637.55146210668,Sioux Falls,South Dakota
211,59531.767248168246,Sioux Falls,South Dakota
4965,60874.87934065235,Sioux Falls,South Dakota
4975,82634.095069186,Sioux Falls,South Dakota
4959,82797.07920415245,Sioux Falls,South Dakota
14745,1149585.0712145278,Ontario,California
53866,1150167.327401725,Ontario,California
13736,1151056.408505315,Ontario,California
14757,1151191.6597435449,Ontario,California
54756,1152041.5344473105,Ontario,California
93225,37005.86566944744,Elk Grove,California
174,37921.53527543517,Elk Grove,California
93241,50449.02840611672,Elk Grove,California
23202,50600.169683884655,Elk Grove,California
205,55905.752058916965,Elk Grove,California
93999,70799.06101649081,Jackson,Mississippi
3996,79611.2881183623,Jackson,Mississippi
317,80021.06969009693,Jackson,Mississippi
307,115981.5371725806,Jackson,Mississippi
53808,122633.08463217661,Jackson,Mississippi
12888,43436.07228631347,Pembroke Pines,Florida
12803,44889.48005378132,Pembroke Pines,Florida
12826,60603.34659903997,Pembroke Pines,Florida
12844,76741.88686294587,Pembroke Pines,Florida
92815,129063.68551170605,Pembroke Pines,Florida
94281,40755.21406998292,Salem,Oregon
24202,52391.90799695313,Salem,Oregon
94261,67964.36318776988,Salem,Oregon
24229,80752.39776390773,Salem,Oregon
94298,81951.37398301659,Salem,Oregon
53944,48469.288471985856,Springfield,Missouri
4862,52415.58387229454,Springfield,Missouri
63878,66896.85289058027,Springfield,Missouri
3887,69968.84656474195,Springfield,Missouri
53950,95614.33598479912,Springfield,Missouri
3166,36753.04576633809,Corona,California
53141,44335.635665289694,Corona,California
3165,48878.14648498655,Corona,California
23129,53158.98730088139,Corona,California
93136,60958.87660526979,Corona,California
24202,50626.06708790214,Eugene,Oregon
24231,93254.96451007496,Eugene,Oregon
24285,93889.09716238841,Eugene,Oregon
24232,94732.59145784615,Eugene,Oregon
24284,114884.18692425797,Eugene,Oregon
24051,39860.136017177734,Fort Collins,Colorado
164,44127.93402842628,Fort Collins,Colorado
160,59516.195533563136,Fort Collins,Colorado
161,60031.603986831986,Fort Collins,Colorado
24018,69945.9877677871,Fort Collins,Colorado
54831,64918.995593201915,Peoria,Arizona
4862,70072.06791463928,Peoria,Arizona
94959,70990.47409050835,Peoria,Arizona
4899,77971.18395443282,Peoria,Arizona
4889,86437.88447935632,Peoria,Arizona
448,44041.88991924214,Frisco,Texas
53909,49838.43213393828,Frisco,Texas
3971,52408.75938487315,Frisco,Texas
53970,52778.9900164935,Frisco,Texas
53984,54307.96239070928,Frisco,Texas
3712,44584.99290298071,Cary,North Carolina
3713,47905.126370840124,Cary,North Carolina
3731,53588.38674113979,Cary,North Carolina
3722,58777.2659044521,Cary,North Carolina
340,60643.298848259394,Cary,North Carolina
136,37484.081548315335,Lancaster,California
14711,43140.41556951105,Lancaster,California
14712,46441.38451644431,Lancaster,California
54723,49344.34671051863,Lancaster,California
93778,50786.17625191601,Lancaster,California
23254,41519.30022328821,Hayward,California
93227,68488.21241895582,Hayward,California
135,72609.7518336459,Hayward,California
395,72978.17917781149,Hayward,California
23202,73008.69001407291,Hayward,California
12849,305099.72725468775,Palmdale,California
92805,308514.7222392057,Palmdale,California
92809,310491.794862407,Palmdale,California
12882,311062.8228457124,Palmdale,California
12826,311077.1588551821,Palmdale,California
395,44184.92908202,Salinas,California
93232,73636.32511547775,Salinas,California
23293,79054.75534219109,Salinas,California
23244,88048.9760032645,Salinas,California
23289,96386.3610390003,Salinas,California
4836,8090134.835504473,Alexandria,Virginia
14607,8091882.99419276,Alexandria,Virginia
14604,8103065.55135504,Alexandria,Virginia
14609,8114839.783871155,Alexandria,Virginia
14610,8200984.754877927,Alexandria,Virginia
3065,30190.207082915655,Lakewood,Colorado
23036,32148.68509601938,Lakewood,Colorado
161,43267.047996959154,Lakewood,Colorado
3017,45177.491616441745,Lakewood,Colorado
160,45800.11747857566,Lakewood,Colorado
53944,48469.288471985856,Springfield,Massachusetts
4862,52415.58387229454,Springfield,Massachusetts
63878,66896.85289058027,Springfield,Massachusetts
3887,69968.84656474195,Springfield,Massachusetts
53950,95614.33598479912,Springfield,Massachusetts
93197,34878.169175706396,Pasadena,Texas
23174,36623.27489394845,Pasadena,Texas
3166,37658.438385850466,Pasadena,Texas
23129,40872.71773243266,Pasadena,Texas
53141,44571.570184916185,Pasadena,Texas
23285,37886.333595948556,Sunnyvale,California
23234,39784.32674408174,Sunnyvale,California
23230,41036.70523573253,Sunnyvale,California
228,44114.80347995543,Sunnyvale,California
395,51564.73459093147,Sunnyvale,California
63809,55773.70204631392,Macon,Georgia
63886,57048.468587805524,Macon,Georgia
63881,71407.86430549737,Macon,Georgia
339,71865.92840743737,Macon,Georgia
337,84517.95598080802,Macon,Georgia
3171,33403.00971562221,Pomona,California
53141,39723.78657237786,Pomona,California
93184,43370.33544754972,Pomona,California
23129,44297.52820833023,Pomona,California
93134,47517.57936445083,Pomona,California
93136,28335.58000505526,Hollywood,Florida
3174,33440.076019140506,Hollywood,Florida
23129,35767.79285779301,Hollywood,Florida
3166,41592.32785756676,Hollywood,Florida
53141,43346.37927889656,Hollywood,Florida
363,75412.27000800472,Kansas City,Kansas
13993,81407.5225912876,Kansas City,Kansas
13996,90754.47533785384,Kansas City,Kansas
13920,95499.27312925887,Kansas City,Kansas
13930,97979.12340407698,Kansas City,Kansas
369,39705.50011504031,Escondido,California
23188,45647.26868300397,Escondido,California
93112,49901.44278051192,Escondido,California
3178,63285.80744146076,Escondido,California
93115,63337.201368306436,Escondido,California
13807,50392.66634848224,Clarksville,Tennessee
53841,77499.7404726485,Clarksville,Tennessee
53896,103615.73380628809,Clarksville,Tennessee
13803,105064.17591943135,Clarksville,Tennessee
93820,106873.29903466237,Clarksville,Tennessee
94892,45038.853145950496,Joliet,Illinois
14819,46562.344658575006,Joliet,Illinois
4880,51877.48164394056,Joliet,Illinois
4879,54092.28899914583,Joliet,Illinois
94846,57182.696774123346,Joliet,Illinois
94854,42007.223228180876,Rockford,Illinois
4876,42041.50338976982,Rockford,Illinois
4871,45579.41751364299,Rockford,Illinois
4873,59712.02093088248,Rockford,Illinois
4808,71457.04565046844,Rockford,Illinois
3166,39023.10698016666,Torrance,California
23152,41054.55098646674,Torrance,California
23130,42724.589806420656,Torrance,California
3165,43463.1958226834,Torrance,California
53130,47378.81615023633,Torrance,California
4867,41623.521269298515,Naperville,Illinois
4838,46854.011693114684,Naperville,Illinois
94866,48526.42072755631,Naperville,Illinois
4871,49653.03865877504,Naperville,Illinois
4879,57501.588885805024,Naperville,Illinois
178,33904.938053021004,Paterson,New Jersey
94745,42164.88503369879,Paterson,New Jersey
94789,44563.26231678146,Paterson,New Jersey
54779,48981.024104574695,Paterson,New Jersey
54793,49662.70255574116,Paterson,New Jersey
63837,51279.72545185459,Savannah,Georgia
366,65611.42757103796,Savannah,Georgia
93831,67179.74780306678,Savannah,Georgia
203,67181.89497355337,Savannah,Georgia
63818,70634.75171927252,Savannah,Georgia
54734,31540.2392565636,Bridgeport,Connecticut
64707,33467.16062282196,Bridgeport,Connecticut
94728,44128.91008906835,Bridgeport,Connecticut
4781,44415.8969006368,Bridgeport,Connecticut
94745,44658.691135698886,Bridgeport,Connecticut
53984,46483.110523824376,Mesquite,Texas
3927,46501.22498477852,Mesquite,Texas
53914,47034.90902241333,Mesquite,Texas
53966,47992.626103562194,Mesquite,Texas
53907,51571.703385334775,Mesquite,Texas
362,37996.12565478066,Killeen,Texas
229,43937.759545296554,Killeen,Texas
53942,45016.34171232831,Killeen,Texas
53952,60572.0104296525,Killeen,Texas
3999,60912.29528053585,Killeen,Texas
54773,40314.52997323101,Syracuse,New York
64775,63088.604269186995,Syracuse,New York
94761,66721.44398777257,Syracuse,New York
54778,86634.92771326775,Syracuse,New York
4725,93040.31057003199,Syracuse,New York
93197,34878.169175706396,Pasadena,California
23174,36623.27489394845,Pasadena,California
3166,37658.438385850466,Pasadena,California
23129,40872.71773243266,Pasadena,California
53141,44571.570184916185,Pasadena,California
24222,35762.150930331576,Bellevue,Washington
469,39682.004924869834,Bellevue,Washington
94263,47423.65525121211,Bellevue,Washington
94274,48434.29376647,Bellevue,Washington
24207,55885.916913690264,Bellevue,Washington
3102,35242.59179160139,Fullerton,California
93134,36779.89790791389,Fullerton,California
3167,37908.32019684841,Fullerton,California
3174,39232.61037345831,Fullerton,California
93136,40031.58358226987,Fullerton,California
3177,73175.76027930279,Orange,California
93197,75654.79060668875,Orange,California
23152,82582.37188389136,Orange,California
53130,90917.18065463837,Orange,California
23130,91701.7316383303,Orange,California
251,51980.295223452216,Dayton,Ohio
13841,54437.597201718236,Dayton,Ohio
53855,57659.1540011638,Dayton,Ohio
324,70052.169081312,Dayton,Ohio
93812,81033.67040107145,Dayton,Ohio
92805,37305.90590320448,Miramar,Florida
12888,38153.48745235496,Miramar,Florida
12803,49648.21412241034,Miramar,Florida
12826,55068.35314031715,Miramar,Florida
12844,81984.51566798495,Miramar,Florida
450,37181.78468354398,Thornton,Colorado
93067,38907.972990409515,Thornton,Colorado
94035,60351.13565408504,Thornton,Colorado
24051,64585.3121186044,Thornton,Colorado
419,71124.4193918743,Thornton,Colorado
24101,49063.10580372565,West Valley City,Utah
24174,56773.82026084053,West Valley City,Utah
24126,57549.806506284214,West Valley City,Utah
24103,95464.67110208451,West Valley City,Utah
24180,97283.34277141107,West Valley City,Utah
53879,39597.00324382335,Olathe,Kansas
3947,44903.7084226,Olathe,Kansas
354,65514.73686982672,Olathe,Kansas
13996,72239.15991560568,Olathe,Kansas
13920,73235.75029210182,Olathe,Kansas
3719,48208.644572249774,Hampton,Virginia
93773,63808.66056977409,Hampton,Virginia
13763,66165.11212436821,Hampton,Virginia
3734,68187.49823138701,Hampton,Virginia
3737,75255.72864384371,Hampton,Virginia
4930,63550.76890897633,Warren,Michigan
14923,68839.57114118045,Warren,Michigan
4950,72953.09845708679,Warren,Michigan
4947,76285.74303558635,Warren,Michigan
14842,80965.15445460443,Warren,Michigan
4829,36937.22844625137,Midland,Texas
4885,40292.504889206786,Midland,Texas
54816,49716.63192602012,Midland,Texas
54828,66364.37147559115,Midland,Texas
54824,70772.73606639943,Midland,Texas
93984,49634.998720483694,Waco,Texas
53972,59644.719177454106,Waco,Texas
362,59934.59286860631,Waco,Texas
461,64516.565680261745,Waco,Texas
3933,68706.8997254677,Waco,Texas
201,63011.99852257123,Charleston,South Carolina
203,77523.5996470205,Charleston,South Carolina
93831,79477.55535843065,Charleston,South Carolina
391,82160.94233599475,Charleston,South Carolina
371,88074.95320703728,Charleston,South Carolina
11653,1575407.157728174,Columbia,South Carolina
11603,1599661.1576193438,Columbia,South Carolina
494,1653688.3409001513,Columbia,South Carolina
11630,1662760.0879984153,Columbia,South Carolina
11624,1667815.7123538004,Columbia,South Carolina
3971,63024.33347924329,Denton,Texas
53976,66479.23997007581,Denton,Texas
53967,69704.88431416752,Denton,Texas
448,70561.3987837057,Denton,Texas
3985,73792.64661461036,Denton,Texas
53984,34976.08957650074,Carrollton,Texas
53914,36245.733546085095,Carrollton,Texas
3991,37278.56966489332,Carrollton,Texas
53909,39345.97612334894,Carrollton,Texas
53907,40367.26387155364,Carrollton,Texas
23183,50400.16783795322,Surprise,Arizona
3192,50959.21924039138,Surprise,Arizona
3185,71473.75779580194,Surprise,Arizona
53128,75590.75907299561,Surprise,Arizona
23104,84995.58027220002,Surprise,Arizona
93216,43002.78469843869,Roseville,California
93205,44502.086527012834,Roseville,California
227,47306.72103289991,Roseville,California
174,49789.25282005218,Roseville,California
397,57057.76156935495,Roseville,California
94817,33080.00696623953,Sterling Heights,Michigan
94847,47010.21393479043,Sterling Heights,Michigan
54819,54753.33519804512,Sterling Heights,Michigan
4888,55212.86598246664,Sterling Heights,Michigan
14853,56456.04482670625,Sterling Heights,Michigan
348,56656.83975437392,Murfreesboro,Tennessee
463,74446.87874300138,Murfreesboro,Tennessee
344,83613.10101373283,Murfreesboro,Tennessee
372,85408.05348828757,Murfreesboro,Tennessee
63804,111824.70013918992,Murfreesboro,Tennessee
12861,58455.90083475371,Gainesville,Florida
63823,73229.64770071021,Gainesville,Florida
12833,76086.81077930119,Gainesville,Florida
63890,84972.12524061596,Gainesville,Florida
93837,87258.20829852743,Gainesville,Florida
4981,41078.056196264886,Cedar Rapids,Iowa
4953,50381.46952354325,Cedar Rapids,Iowa
4989,59028.83459952678,Cedar Rapids,Iowa
4903,76730.28345182055,Cedar Rapids,Iowa
4950,79240.83588303454,Cedar Rapids,Iowa
23149,40460.312825663306,Visalia,California
23110,55487.91802825545,Visalia,California
93193,61771.623493189,Visalia,California
23155,101539.50061967091,Visalia,California
93242,101991.1938222726,Visalia,California
12882,40550.92296135391,Coral Springs,Florida
12844,48523.90282568331,Coral Springs,Florida
12839,53944.21435780382,Coral Springs,Florida
12888,71653.45511071791,Coral Springs,Florida
12826,88489.97566923221,Coral Springs,Florida
169,36678.234839889206,New Haven,Connecticut
54734,46995.59586501105,New Haven,Connecticut
54790,53275.9174854569,New Haven,Connecticut
14752,53944.95913738527,New Haven,Connecticut
14719,56398.44433700299,New Haven,Connecticut
54787,39633.881949541035,Stamford,Connecticut
14732,42258.75006366598,Stamford,Connecticut
94741,48505.228118417144,Stamford,Connecticut
4781,49831.34308162905,Stamford,Connecticut
94789,50673.67236151549,Stamford,Connecticut
93110,27258.593324824255,Thousand Oaks,California
23130,39272.738753400416,Thousand Oaks,California
93197,45777.29006000642,Thousand Oaks,California
53130,46885.75726721954,Thousand Oaks,California
23152,51250.92150830502,Thousand Oaks,California
54736,39216.592482887376,Concord,California
54754,50031.0874246506,Concord,California
54791,52201.21382884372,Concord,California
54770,59480.928672035625,Concord,California
4743,62651.491854353466,Concord,California
94789,35481.10322178118,Elizabeth,New Jersey
54785,40175.57863462688,Elizabeth,New Jersey
54760,53448.464139598735,Elizabeth,New Jersey
54779,59756.009719361326,Elizabeth,New Jersey
94745,61018.506420582,Elizabeth,New Jersey
466,39132.99252019952,Lafayette,Louisiana
457,78022.04334113027,Lafayette,Louisiana
53991,86491.19973596047,Lafayette,Louisiana
12968,87546.38671876735,Lafayette,Louisiana
12936,87615.15209263026,Lafayette,Louisiana
4836,4850205.485144524,Kent,Washington
14607,4856013.543546348,Kent,Washington
14604,4868589.374106524,Kent,Washington
14609,4885952.835004395,Kent,Washington
94605,4968566.181160811,Kent,Washington
3997,42816.741254034634,Topeka,Kansas
93909,73585.69908628453,Topeka,Kansas
3936,84957.16180399178,Topeka,Kansas
3967,85770.11363142684,Topeka,Kansas
13989,87066.23988656524,Topeka,Kansas
93197,37926.75999218676,Simi Valley,California
93111,39006.54886368344,Simi Valley,California
93110,44180.18949981749,Simi Valley,California
23174,47962.2194153247,Simi Valley,California
93134,48766.87177682567,Simi Valley,California
93228,34348.87084207914,Santa Clara,California
23285,38396.51994792135,Santa Clara,California
23234,45470.23543113923,Santa Clara,California
23230,45859.11263504071,Santa Clara,California
395,45976.885067767565,Santa Clara,California
63834,53886.912761391366,Athens,Georgia
63803,53987.65157658743,Athens,Georgia
53838,54380.04460318349,Athens,Georgia
53898,55507.06124150743,Athens,Georgia
382,70974.07512028932,Athens,Georgia
54788,30994.16918197405,Hartford,Connecticut
54767,41285.49502119711,Hartford,Connecticut
14775,43787.17727538992,Hartford,Connecticut
169,44913.17822425473,Hartford,Connecticut
64707,49208.489133355615,Hartford,Connecticut
115,55842.616799189986,Victorville,California
3102,58254.844066712096,Victorville,California
23114,61620.14219985565,Victorville,California
3180,62562.10195553961,Victorville,California
23161,63304.951713225804,Victorville,California
23033,67293.05087653658,Abilene,Texas
276,78463.61235510919,Abilene,Texas
93943,106864.90977132476,Abilene,Texas
3050,115373.21545736169,Abilene,Texas
53997,124980.26871385393,Abilene,Texas
215,48957.290700690755,Norman,Oklahoma
53935,57110.38409609452,Norman,Oklahoma
53951,61020.635178252924,Norman,Oklahoma
23902,62506.905162024435,Norman,Oklahoma
53999,63639.77487447657,Norman,Oklahoma
93241,40208.93379202375,Vallejo,California
23230,43195.34395912859,Vallejo,California
93228,53164.3517046395,Vallejo,California
23234,55954.619415494104,Vallejo,California
23285,62260.106542657835,Vallejo,California
93227,37871.24323779862,Berkeley,California
135,37926.73273547303,Berkeley,California
93231,39791.48974684816,Berkeley,California
228,43512.264364797724,Berkeley,California
23285,47295.829222479086,Berkeley,California
13904,36886.52022396778,Round Rock,Texas
3999,58834.66897181821,Round Rock,Texas
3972,62095.293852573246,Round Rock,Texas
3902,62121.18200407636,Round Rock,Texas
225,66604.65935370557,Round Rock,Texas
94847,33349.16697902831,Ann Arbor,Michigan
4887,44457.244441341616,Ann Arbor,Michigan
54823,44746.3547303888,Ann Arbor,Michigan
94817,50890.63014766123,Ann Arbor,Michigan
54819,51371.68008237162,Ann Arbor,Michigan
11653,1575407.157728174,Columbia,Missouri
11603,1599661.1576193438,Columbia,Missouri
494,1653688.3409001513,Columbia,Missouri
11630,1662760.0879984153,Columbia,Missouri
11624,1667815.7123538004,Columbia,Missouri
54782,40015.46043416501,Allentown,Pennsylvania
54786,42320.4233395865,Allentown,Pennsylvania
14712,47741.42497169457,Allentown,Pennsylvania
14793,52107.56414172561,Allentown,Pennsylvania
64752,56665.74202033086,Allentown,Pennsylvania
53803,43205.67151430714,Evansville,Indiana
63840,51825.44812850398,Evansville,Indiana
53896,58902.80189864145,Evansville,Indiana
63853,69840.65893855969,Evansville,Indiana
13809,85635.97347908348,Evansville,Indiana
4836,5024636.798264463,Beaumont,Texas
14607,5029762.023058935,Beaumont,Texas
14604,5042114.897140774,Beaumont,Texas
14609,5058596.312932748,Beaumont,Texas
94605,5142812.763941695,Beaumont,Texas
27502,6913734.311408953,Odessa,Texas
27503,6970693.484032562,Odessa,Texas
4836,6974846.2090243315,Odessa,Texas
14607,6987742.5311781345,Odessa,Texas
14604,7002428.068555589,Odessa,Texas
136,40263.27830258893,Wilmington,North Carolina
64752,48016.451873529,Wilmington,North Carolina
13735,56399.76393146473,Wilmington,North Carolina
54782,56536.566728958176,Wilmington,North Carolina
94732,59078.71990524819,Wilmington,North Carolina
161,26189.024300687906,Arvada,Colorado
164,38777.10705404175,Arvada,Colorado
23036,41968.4631337075,Arvada,Colorado
93067,42507.53635480353,Arvada,Colorado
419,46800.811628357405,Arvada,Colorado
3959,54711.72836813895,Independence,Missouri
13981,56674.34424750984,Independence,Missouri
142,93270.53287908298,Independence,Missouri
53940,103896.98106307148,Independence,Missouri
13987,110166.19812545349,Independence,Missouri
4116,50161.44023564617,Provo,Utah
24127,64489.12808774791,Provo,Utah
24101,99807.12615521053,Provo,Utah
93141,106020.6403009159,Provo,Utah
24126,109097.71380941369,Provo,Utah
54824,46704.666161752975,Lansing,Michigan
4887,47940.53122087718,Lansing,Michigan
240,48261.55319653088,Lansing,Michigan
14833,50079.77136972717,Lansing,Michigan
54821,60475.25542166489,Lansing,Michigan
23129,30177.71727596069,El Monte,California
53141,31348.981412639434,El Monte,California
3167,32042.994835611174,El Monte,California
23152,32817.00192738587,El Monte,California
23174,36293.182903712484,El Monte,California
53944,48469.288471985856,Springfield,Illinois
4862,52415.58387229454,Springfield,Illinois
63878,66896.85289058027,Springfield,Illinois
3887,69968.84656474195,Springfield,Illinois
53950,95614.33598479912,Springfield,Illinois
135,46152.74569083037,Fairfield,California
320,49575.99743657943,Fairfield,California
23232,56223.09479893018,Fairfield,California
23230,58302.355047095225,Fairfield,California
23285,63175.734447489,Fairfield,California
92816,41281.79610196874,Clearwater,Florida
92824,58713.79948013717,Clearwater,Florida
12818,61485.657701326614,Clearwater,Florida
486,64955.493619758694,Clearwater,Florida
12871,68809.30016488956,Clearwater,Florida
54831,64918.995593201915,Peoria,Illinois
4862,70072.06791463928,Peoria,Illinois
94959,70990.47409050835,Peoria,Illinois
4899,77971.18395443282,Peoria,Illinois
4889,86437.88447935632,Peoria,Illinois
94704,65767.85646229681,Rochester,Minnesota
54778,73179.4904160636,Rochester,Minnesota
14733,94085.77037278148,Rochester,Minnesota
54773,101986.29422145188,Rochester,Minnesota
4724,107754.7841283187,Rochester,Minnesota
53120,36139.05197602117,Carlsbad,California
3131,36802.31724098249,Carlsbad,California
53143,44152.45167250541,Carlsbad,California
23188,44368.66953171821,Carlsbad,California
93112,47607.701192181354,Carlsbad,California
4836,4778334.477051042,Westminster,Colorado
14607,4784236.44239095,Westminster,Colorado
14604,4796844.169368852,Westminster,Colorado
14609,4814340.484697153,Westminster,Colorado
94605,4896718.371009534,Westminster,Colorado
24174,48827.13411214583,West Jordan,Utah
24101,57452.03951113084,West Jordan,Utah
24126,66014.70389598471,West Jordan,Utah
24103,91742.10741520658,West Jordan,Utah
24180,105774.3568222457,West Jordan,Utah
12960,48476.699170167434,Pearland,Texas
12976,50428.60830667931,Pearland,Texas
12923,55030.95370942035,Pearland,Texas
53910,61688.616366324546,Pearland,Texas
208,61938.18717728625,Pearland,Texas
3971,35603.81524664748,Richardson,Texas
53975,42984.12449412085,Richardson,Texas
53984,44499.13459303617,Richardson,Texas
53911,48719.123851274795,Richardson,Texas
53907,50375.926433660214,Richardson,Texas
93197,30825.25325443703,Downey,California
93136,33118.965119214474,Downey,California
23152,35886.01918352391,Downey,California
3180,36781.406202989696,Downey,California
93184,37805.132444066956,Downey,California
92805,36922.47578325801,Miami Gardens,Florida
12888,37755.91042354289,Miami Gardens,Florida
12803,50448.11742891789,Miami Gardens,Florida
12826,52789.46445613558,Miami Gardens,Florida
12844,83948.67834417387,Miami Gardens,Florida
53121,36537.22040806721,Temecula,California
369,38039.98272840358,Temecula,California
3177,42872.50001169319,Temecula,California
23119,45913.210370223416,Temecula,California
53120,54731.558768218456,Temecula,California
53175,38725.47501981552,Costa Mesa,California
3174,42398.949488219354,Costa Mesa,California
3179,42997.040495826324,Costa Mesa,California
3165,48076.985716278126,Costa Mesa,California
3167,48669.57560150167,Costa Mesa,California
23901,40283.095946401125,College Station,Texas
53928,41757.08456879905,College Station,Texas
53973,44716.1792860765,College Station,Texas
53903,69810.19483593256,College Station,Texas
351,72621.32896360729,College Station,Texas
4831,52532.19386346974,Elgin,Illinois
14819,56118.242002817366,Elgin,Illinois
14880,57506.47533449077,Elgin,Illinois
14834,60910.01468700461,Elgin,Illinois
4890,63057.78044159023,Elgin,Illinois
369,41253.854874830016,Murrieta,California
53121,42746.37637888467,Murrieta,California
3171,47836.6028901586,Murrieta,California
3177,50818.284815455496,Murrieta,California
53175,52759.81540593499,Murrieta,California
94281,39087.257507281756,Gresham,Oregon
94261,40142.55419977416,Gresham,Oregon
4201,44275.43149619118,Gresham,Oregon
94204,47125.63812325963,Gresham,Oregon
94273,65039.60376985991,Gresham,Oregon
53888,37645.18085309015,High Point,North Carolina
3709,39360.90006718164,High Point,North Carolina
93783,45973.82803786614,High Point,North Carolina
3763,50143.135921925,High Point,North Carolina
340,54700.06574040619,High Point,North Carolina
23202,34338.360629429655,Antioch,California
93228,45390.34703203683,Antioch,California
23230,46111.289718733526,Antioch,California
93241,46583.41918045304,Antioch,California
93227,50016.531408429466,Antioch,California
4836,4768481.924541047,Cambridge,Massachusetts
14607,4775307.571341996,Cambridge,Massachusetts
14604,4788207.128793677,Cambridge,Massachusetts
14609,4806840.218260061,Cambridge,Massachusetts
94605,4887082.47377547,Cambridge,Massachusetts
54733,34000.563061526314,Lowell,Massachusetts
14710,34222.23744236737,Lowell,Massachusetts
4780,36408.739635757185,Lowell,Massachusetts
14739,39960.31803565232,Lowell,Massachusetts
14753,50651.384217357096,Lowell,Massachusetts
4836,4570724.877689402,Manchester,New Hampshire
14607,4578443.455098158,Manchester,New Hampshire
14604,4591627.1864468595,Manchester,New Hampshire
14609,4611402.322164601,Manchester,New Hampshire
94605,4689497.103957217,Manchester,New Hampshire
24045,141032.41949682223,Billings,Montana
24048,145790.44734730563,Billings,Montana
24150,146136.30459142028,Billings,Montana
24036,156911.30400679263,Billings,Montana
24029,168144.6157618083,Billings,Montana
12919,731536.0856557989,Pueblo,Colorado
418,751311.7282794853,Pueblo,Colorado
12980,759677.0035048926,Pueblo,Colorado
12957,760314.3507146245,Pueblo,Colorado
12959,760836.1742149206,Pueblo,Colorado
12895,56334.10617618297,Palm Bay,Florida
12868,59705.65737028138,Palm Bay,Florida
12898,65461.33359270842,Palm Bay,Florida
12886,74956.00764331853,Palm Bay,Florida
360,78011.95147919019,Palm Bay,Florida
23036,25285.574160083317,Centennial,Colorado
3065,39049.37908552378,Centennial,Colorado
3017,40868.16317289458,Centennial,Colorado
450,44213.06091552501,Centennial,Colorado
3040,49059.12392654782,Centennial,Colorado
3734,59085.225238667495,Richmond,California
155,59637.26538933369,Richmond,California
3715,70510.44157606119,Richmond,California
3730,71727.63414565589,Richmond,California
93773,72405.31938822087,Richmond,California
23243,136722.41818944458,Ventura,California
479,140572.0441504754,Ventura,California
3179,143660.8225850778,Ventura,California
3102,146625.20285167897,Ventura,California
53175,147402.77654524654,Ventura,California
12882,40950.111878658056,Pompano Beach,Florida
12844,48344.13368861558,Pompano Beach,Florida
12839,54724.7549535756,Pompano Beach,Florida
12888,73442.90916478216,Pompano Beach,Florida
12826,88903.24477802518,Pompano Beach,Florida
201,50896.39322525004,North Charleston,South Carolina
371,75773.63777162405,North Charleston,South Carolina
93831,75814.99110210488,North Charleston,South Carolina
203,76114.46231457406,North Charleston,South Carolina
391,84858.56282656247,North Charleston,South Carolina
24234,51340.55733133111,Everett,Washington
94297,52477.35807878032,Everett,Washington
94248,53265.38340914274,Everett,Washington
24233,59935.00622873413,Everett,Washington
94282,63221.8377467338,Everett,Washington
14758,35412.406545268925,Waterbury,Connecticut
14752,36505.582696059224,Waterbury,Connecticut
54734,43851.23359711313,Waterbury,Connecticut
94702,45477.60548263184,Waterbury,Connecticut
169,47814.38375609199,Waterbury,Connecticut
12803,40589.28557533154,West Palm Beach,Florida
92815,49782.639966155795,West Palm Beach,Florida
92805,54846.5038657082,West Palm Beach,Florida
12885,60849.114258398615,West Palm Beach,Florida
12849,74660.56557609249,West Palm Beach,Florida
94035,50784.487109373375,Boulder,Colorado
419,51712.87694372882,Boulder,Colorado
3017,53941.00021527993,Boulder,Colorado
23036,54741.09614439057,Boulder,Colorado
93067,61245.14835198359,Boulder,Colorado
53175,33163.73285156442,West Covina,California
23129,33731.1743088411,West Covina,California
93134,34519.11150948467,West Covina,California
93184,41121.74799325778,West Covina,California
3167,41173.191730274855,West Covina,California
467,43571.06623650259,Broken Arrow,Oklahoma
93953,50960.170684778015,Broken Arrow,Oklahoma
53956,64238.24098402722,Broken Arrow,Oklahoma
53949,74741.8071729541,Broken Arrow,Oklahoma
3959,87895.38176107276,Broken Arrow,Oklahoma
23048,89048.07198499999,Clovis,California
129,90778.90621663706,Clovis,California
23097,140141.69496530303,Clovis,California
23042,154426.9531965288,Clovis,California
23047,163044.30340956317,Clovis,California
23289,38126.132713680214,Daly City,California
23244,46871.828489042164,Daly City,California
23254,49499.62631408149,Daly City,California
135,53139.65063631844,Daly City,California
23285,56388.320135630966,Daly City,California
92825,51940.63126496386,Lakeland,Florida
92813,56177.873042020125,Lakeland,Florida
12842,59147.53069645233,Lakeland,Florida
12810,60891.603703134046,Lakeland,Florida
12818,67585.72201463848,Lakeland,Florida
11624,5415142.70334896,Santa Maria,California
11640,5487991.257053524,Santa Maria,California
11630,5495115.493001343,Santa Maria,California
494,5528563.45025942,Santa Maria,California
11653,5534779.656364149,Santa Maria,California
54787,40293.85509351384,Norwalk,California
4781,43438.06593288609,Norwalk,California
14758,48944.06163413314,Norwalk,California
64707,49444.89610344419,Norwalk,California
14732,52139.65603171167,Norwalk,California
63848,41424.92856142177,Sandy Springs,Georgia
355,41581.26260886891,Sandy Springs,Georgia
53873,49946.73062178385,Sandy Springs,Georgia
252,54448.78214203123,Sandy Springs,Georgia
53838,60481.27736470183,Sandy Springs,Georgia
94281,34080.57556953278,Hillsboro,Oregon
94273,40433.2525097891,Hillsboro,Oregon
24242,41375.905746856064,Hillsboro,Oregon
24223,65381.60272384051,Hillsboro,Oregon
24232,69704.07093031456,Hillsboro,Oregon
464,39550.75159241573,Green Bay,Wisconsin
94897,50631.48156930058,Green Bay,Wisconsin
4825,50899.864929934156,Green Bay,Wisconsin
185,52911.13763452463,Green Bay,Wisconsin
4824,58016.42997822498,Green Bay,Wisconsin
53978,47231.39819166637,Tyler,Texas
175,48312.54684759068,Tyler,Texas
53982,51382.4281254361,Tyler,Texas
53971,54084.00791633107,Tyler,Texas
3901,56029.477033038114,Tyler,Texas
3981,44280.811058423555,Wichita Falls,Texas
3950,72479.12053020342,Wichita Falls,Texas
209,76689.83842182053,Wichita Falls,Texas
53969,78491.78482870113,Wichita Falls,Texas
53938,80941.89109622601,Wichita Falls,Texas
53914,37639.80083994668,Lewisville,Texas
53984,39215.68138975559,Lewisville,Texas
3971,41080.83823425729,Lewisville,Texas
53907,44085.948078766276,Lewisville,Texas
13961,45219.28396157806,Lewisville,Texas
3174,42262.70062965535,Burbank,California
23129,43608.046437460966,Burbank,California
3166,47228.39532791455,Burbank,California
53141,50470.6904930627,Burbank,California
3180,50785.22890544959,Burbank,California
164,45046.05530937817,Greeley,Colorado
161,51984.96913575954,Greeley,Colorado
160,58611.675565577585,Greeley,Colorado
3065,65875.19086143677,Greeley,Colorado
3017,66193.52861812925,Greeley,Colorado
23277,69204.5529030396,San Mateo,California
23254,72631.26876838726,San Mateo,California
395,73171.90650154604,San Mateo,California
135,87969.73241005464,San Mateo,California
93227,92800.2775093231,San Mateo,California
3177,47438.08634922588,El Cajon,California
3164,49593.88837201419,El Cajon,California
53121,59415.18486197511,El Cajon,California
3154,66922.20497365853,El Cajon,California
369,71675.141041659,El Cajon,California
4836,5708823.901246763,Rialto,California
14607,5709951.16976321,Rialto,California
14604,5720970.391275571,Rialto,California
14609,5732338.980177339,Rialto,California
14610,5818437.104278966,Rialto,California
94979,39085.74833809576,Davenport,Iowa
4950,50271.8053176732,Davenport,Iowa
94959,68779.01903465485,Davenport,Iowa
4996,69019.63518924078,Davenport,Iowa
4894,79473.1089056915,Davenport,Iowa
12976,54589.28517227609,League City,Texas
12977,54700.049270299525,League City,Texas
12960,59515.34339653538,League City,Texas
306,67249.30131770039,League City,Texas
53910,76829.36386568971,League City,Texas
54743,38452.50113586622,Edison,New Jersey
94741,43826.46588177918,Edison,New Jersey
54760,44748.830587735916,Edison,New Jersey
14792,47119.35466473574,Edison,New Jersey
14732,49664.977114732246,Edison,New Jersey
12803,37630.72632134507,Davie,Florida
12888,50140.52224496554,Davie,Florida
12826,66698.37673015562,Davie,Florida
12844,70052.67518415327,Davie,Florida
92815,123260.54272240875,Davie,Florida
23044,72057.09650529784,Las Cruces,New Mexico
23078,85166.24097302617,Las Cruces,New Mexico
23002,88337.47899556141,Las Cruces,New Mexico
93097,96005.42088336352,Las Cruces,New Mexico
93045,108402.14785716012,Las Cruces,New Mexico
